,GameKey,year,week,Home,Away,HomeScore,AwayScore
0,54467,2009,1,PIT,TEN,13,10
1,54468,2009,1,ATL,MIA,19,7
2,54469,2009,1,BAL,KC,38,24
3,54470,2009,1,CAR,PHI,10,38
4,54471,2009,1,CIN,DEN,7,12
5,54472,2009,1,CLE,MIN,20,34
6,54473,2009,1,HOU,NYJ,7,24
7,54474,2009,1,IND,JAC,14,12
8,54475,2009,1,NO,DET,45,27
9,54476,2009,1,TB,DAL,21,34
10,54477,2009,1,ARI,SF,16,20
11,54478,2009,1,NYG,WAS,23,17
12,54479,2009,1,SEA,STL,28,0
13,54480,2009,1,GB,CHI,21,15
14,54481,2009,1,NE,BUF,25,24
15,54482,2009,1,OAK,SD,20,24
16,54483,2009,2,ATL,CAR,28,20
17,54484,2009,2,DET,MIN,13,27
18,54485,2009,2,GB,CIN,24,31
19,54486,2009,2,JAC,ARI,17,31
20,54487,2009,2,KC,OAK,10,13
21,54488,2009,2,NYJ,NE,16,9
22,54489,2009,2,PHI,NO,22,48
23,54490,2009,2,TEN,HOU,31,34
24,54491,2009,2,WAS,STL,9,7
25,54492,2009,2,BUF,TB,33,20
26,54493,2009,2,SF,SEA,23,10
27,54494,2009,2,CHI,PIT,17,14
28,54495,2009,2,DEN,CLE,27,6
29,54496,2009,2,SD,BAL,26,31
30,54497,2009,2,DAL,NYG,31,33
31,54498,2009,2,MIA,IND,23,27
32,54504,2009,3,BAL,CLE,34,3
33,54505,2009,3,CIN,PIT,23,20
34,54506,2009,3,DET,WAS,19,14
35,54507,2009,3,HOU,JAC,24,31
36,54508,2009,3,MIN,SF,27,24
37,54509,2009,3,NE,ATL,26,10
38,54510,2009,3,PHI,KC,34,14
39,54511,2009,3,STL,GB,17,36
40,54512,2009,3,TB,NYG,0,24
41,54513,2009,3,BUF,NO,7,27
42,54514,2009,3,SEA,CHI,19,25
43,54499,2009,3,NYJ,TEN,24,17
44,54500,2009,3,OAK,DEN,3,23
45,54501,2009,3,SD,MIA,23,13
46,54502,2009,3,ARI,IND,10,31
47,54503,2009,3,DAL,CAR,21,7
48,54515,2009,4,CHI,DET,48,24
49,54516,2009,4,CLE,CIN,20,23
50,54517,2009,4,HOU,OAK,29,6
51,54518,2009,4,IND,SEA,34,17
52,54519,2009,4,JAC,TEN,37,17
53,54520,2009,4,KC,NYG,16,27
54,54521,2009,4,NE,BAL,27,21
55,54522,2009,4,WAS,TB,16,13
56,54523,2009,4,MIA,BUF,38,10
57,54524,2009,4,NO,NYJ,24,10
58,54525,2009,4,DEN,DAL,17,10
59,54526,2009,4,SF,STL,35,0
60,54527,2009,4,PIT,SD,38,28
61,54528,2009,4,MIN,GB,30,23
62,54529,2009,5,BAL,CIN,14,17
63,54530,2009,5,BUF,CLE,3,6
64,54531,2009,5,CAR,WAS,20,17
65,54532,2009,5,DET,PIT,20,28
66,54533,2009,5,KC,DAL,20,26
67,54534,2009,5,NYG,OAK,44,7
68,54535,2009,5,PHI,TB,33,14
69,54536,2009,5,STL,MIN,10,38
70,54537,2009,5,SF,ATL,10,45
71,54538,2009,5,ARI,HOU,28,21
72,54539,2009,5,DEN,NE,20,17
73,54540,2009,5,SEA,JAC,41,0
74,54541,2009,5,TEN,IND,9,31
75,54542,2009,5,MIA,NYJ,31,27
76,54543,2009,6,CIN,HOU,17,28
77,54544,2009,6,GB,DET,26,0
78,54545,2009,6,JAC,STL,23,20
79,54546,2009,6,MIN,BAL,33,31
80,54547,2009,6,NO,NYG,48,27
81,54548,2009,6,PIT,CLE,27,14
82,54549,2009,6,TB,CAR,21,28
83,54550,2009,6,WAS,KC,6,14
84,54551,2009,6,OAK,PHI,13,9
85,54552,2009,6,SEA,ARI,3,27
86,54553,2009,6,NE,TEN,59,0
87,54554,2009,6,NYJ,BUF,13,16
88,54555,2009,6,ATL,CHI,21,14
89,54556,2009,6,SD,DEN,23,34
90,54557,2009,7,CIN,CHI,45,10
91,54558,2009,7,CLE,GB,3,31
92,54559,2009,7,HOU,SF,24,21
93,54560,2009,7,KC,SD,7,37
94,54561,2009,7,PIT,MIN,27,17
95,54562,2009,7,STL,IND,6,42
96,54563,2009,7,TB,NE,7,35
97,54564,2009,7,CAR,BUF,9,20
98,54565,2009,7,OAK,NYJ,0,38
99,54566,2009,7,DAL,ATL,37,21
100,54567,2009,7,MIA,NO,34,46
101,54568,2009,7,NYG,ARI,17,24
102,54569,2009,7,WAS,PHI,17,27
103,54570,2009,8,BAL,DEN,30,7
104,54571,2009,8,BUF,HOU,10,31
105,54572,2009,8,CHI,CLE,30,6
106,54573,2009,8,DAL,SEA,38,17
107,54574,2009,8,DET,STL,10,17
108,54575,2009,8,GB,MIN,26,38
109,54576,2009,8,IND,SF,18,14
110,54577,2009,8,NYJ,MIA,25,30
111,54578,2009,8,SD,OAK,24,16
112,54579,2009,8,TEN,JAC,30,13
113,54580,2009,8,ARI,CAR,21,34
114,54581,2009,8,PHI,NYG,40,17
115,54582,2009,8,NO,ATL,35,27
116,54583,2009,9,ATL,WAS,31,17
117,54584,2009,9,CHI,ARI,21,41
118,54585,2009,9,CIN,BAL,17,7
119,54586,2009,9,IND,HOU,20,17
120,54587,2009,9,JAC,KC,24,21
121,54588,2009,9,NE,MIA,27,17
122,54589,2009,9,TB,GB,38,28
123,54590,2009,9,NO,CAR,30,20
124,54591,2009,9,SEA,DET,32,20
125,54592,2009,9,NYG,SD,20,21
126,54593,2009,9,SF,TEN,27,34
127,54594,2009,9,PHI,DAL,16,20
128,54595,2009,9,DEN,PIT,10,28
129,54596,2009,10,SF,CHI,10,6
130,54597,2009,10,CAR,ATL,28,19
131,54598,2009,10,MIA,TB,25,23
132,54599,2009,10,MIN,DET,27,10
133,54600,2009,10,NYJ,JAC,22,24
134,54601,2009,10,PIT,CIN,12,18
135,54602,2009,10,STL,NO,23,28
136,54603,2009,10,TEN,BUF,41,17
137,54604,2009,10,WAS,DEN,27,17
138,54605,2009,10,OAK,KC,10,16
139,54606,2009,10,ARI,SEA,31,20
140,54607,2009,10,GB,DAL,17,7
141,54608,2009,10,SD,PHI,31,23
142,54609,2009,10,IND,NE,35,34
143,54610,2009,10,CLE,BAL,0,16
144,54611,2009,11,CAR,MIA,17,24
145,54612,2009,11,BAL,IND,15,17
146,54613,2009,11,DAL,WAS,7,6
147,54614,2009,11,DET,CLE,38,37
148,54615,2009,11,GB,SF,30,24
149,54616,2009,11,JAC,BUF,18,15
150,54617,2009,11,KC,PIT,27,24
151,54618,2009,11,MIN,SEA,35,9
152,54619,2009,11,NYG,ATL,34,31
153,54620,2009,11,TB,NO,7,38
154,54621,2009,11,STL,ARI,13,21
155,54622,2009,11,DEN,SD,3,32
156,54623,2009,11,NE,NYJ,31,14
157,54624,2009,11,OAK,CIN,20,17
158,54625,2009,11,CHI,PHI,20,24
159,54626,2009,11,HOU,TEN,17,20
160,54627,2009,12,DET,GB,12,34
161,54628,2009,12,DAL,OAK,24,7
162,54629,2009,12,DEN,NYG,26,6
163,54630,2009,12,ATL,TB,20,17
164,54631,2009,12,BUF,MIA,31,14
165,54632,2009,12,CIN,CLE,16,7
166,54633,2009,12,HOU,IND,27,35
167,54634,2009,12,MIN,CHI,36,10
168,54635,2009,12,NYJ,CAR,17,6
169,54636,2009,12,PHI,WAS,27,24
170,54637,2009,12,STL,SEA,17,27
171,54638,2009,12,TEN,ARI,20,17
172,54639,2009,12,SD,KC,43,14
173,54640,2009,12,SF,JAC,20,3
174,54641,2009,12,BAL,PIT,20,17
175,54642,2009,12,NO,NE,38,17
176,54643,2009,13,BUF,NYJ,13,19
177,54644,2009,13,ATL,PHI,7,34
178,54645,2009,13,CAR,TB,16,6
179,54646,2009,13,CHI,STL,17,9
180,54647,2009,13,CIN,DET,23,13
181,54648,2009,13,IND,TEN,27,17
182,54649,2009,13,JAC,HOU,23,18
183,54650,2009,13,KC,DEN,13,44
184,54651,2009,13,PIT,OAK,24,27
185,54652,2009,13,WAS,NO,30,33
186,54653,2009,13,CLE,SD,23,30
187,54654,2009,13,ARI,MIN,30,17
188,54655,2009,13,NYG,DAL,31,24
189,54656,2009,13,SEA,SF,20,17
190,54657,2009,13,MIA,NE,22,21
191,54658,2009,13,GB,BAL,27,14
192,54659,2009,14,CLE,PIT,13,6
193,54660,2009,14,ATL,NO,23,26
194,54661,2009,14,BAL,DET,48,3
195,54662,2009,14,CHI,GB,14,21
196,54663,2009,14,HOU,SEA,34,7
197,54664,2009,14,IND,DEN,28,16
198,54665,2009,14,JAC,MIA,10,14
199,54666,2009,14,KC,BUF,10,16
200,54667,2009,14,MIN,CIN,30,10
201,54668,2009,14,NE,CAR,20,10
202,54669,2009,14,TB,NYJ,3,26
203,54670,2009,14,TEN,STL,47,7
204,54671,2009,14,OAK,WAS,13,34
205,54672,2009,14,DAL,SD,17,20
206,54673,2009,14,NYG,PHI,38,45
207,54674,2009,14,SF,ARI,24,9
208,54675,2009,15,JAC,IND,31,35
209,54676,2009,15,NO,DAL,17,24
210,54677,2009,15,BAL,CHI,31,7
211,54678,2009,15,BUF,NE,10,17
212,54679,2009,15,DET,ARI,24,31
213,54680,2009,15,KC,CLE,34,41
214,54681,2009,15,NYJ,ATL,7,10
215,54682,2009,15,PHI,SF,27,13
216,54683,2009,15,PIT,GB,37,36
217,54684,2009,15,STL,HOU,13,16
218,54685,2009,15,TEN,MIA,27,24
219,54686,2009,15,DEN,OAK,19,20
220,54687,2009,15,SD,CIN,27,24
221,54688,2009,15,SEA,TB,7,24
222,54689,2009,15,CAR,MIN,26,7
223,54690,2009,15,WAS,NYG,12,45
224,54691,2009,16,TEN,SD,17,42
225,54692,2009,16,ATL,BUF,31,3
226,54693,2009,16,CIN,KC,17,10
227,54694,2009,16,CLE,OAK,23,9
228,54695,2009,16,GB,SEA,48,10
229,54696,2009,16,MIA,HOU,20,27
230,54697,2009,16,NYG,CAR,9,41
231,54698,2009,16,NE,JAC,35,7
232,54699,2009,16,NO,TB,17,20
233,54700,2009,16,PHI,DEN,30,27
234,54701,2009,16,PIT,BAL,23,20
235,54702,2009,16,ARI,STL,31,10
236,54703,2009,16,SF,DET,20,6
237,54704,2009,16,IND,NYJ,15,29
238,54705,2009,16,WAS,DAL,0,17
239,54706,2009,16,CHI,MIN,36,30
240,54707,2009,17,BUF,IND,30,7
241,54708,2009,17,CAR,NO,23,10
242,54709,2009,17,CLE,JAC,23,17
243,54710,2009,17,DAL,PHI,24,0
244,54711,2009,17,DET,CHI,23,37
245,54712,2009,17,HOU,NE,34,27
246,54713,2009,17,MIA,PIT,24,30
247,54714,2009,17,MIN,NYG,44,7
248,54715,2009,17,NYJ,CIN,37,0
249,54716,2009,17,STL,SF,6,28
250,54717,2009,17,TB,ATL,10,20
251,54718,2009,17,ARI,GB,7,33
252,54719,2009,17,DEN,KC,24,44
253,54720,2009,17,OAK,BAL,13,21
254,54721,2009,17,SD,WAS,23,20
255,54722,2009,17,SEA,TEN,13,17
256,54863,2010,1,NO,MIN,14,9
257,54871,2010,1,TB,CLE,17,14
258,54864,2010,1,BUF,MIA,10,15
259,54868,2010,1,NE,CIN,38,24
260,54866,2010,1,HOU,IND,34,24
261,54867,2010,1,JAC,DEN,24,17
262,54872,2010,1,TEN,OAK,38,13
263,54869,2010,1,NYG,CAR,31,18
264,54865,2010,1,CHI,DET,19,14
265,54874,2010,1,STL,ARI,13,17
266,54870,2010,1,PIT,ATL,15,9
267,54873,2010,1,PHI,GB,20,27
268,54875,2010,1,SEA,SF,31,6
269,54876,2010,1,WAS,DAL,13,7
270,54877,2010,1,NYJ,BAL,9,10
271,54878,2010,1,KC,SD,21,14
272,54892,2010,2,WAS,HOU,27,30
273,54885,2010,2,GB,BUF,34,7
274,54886,2010,2,MIN,MIA,10,14
275,54882,2010,2,CLE,KC,14,16
276,54887,2010,2,TEN,PIT,11,19
277,54883,2010,2,DAL,CHI,20,27
278,54884,2010,2,DET,PHI,32,35
279,54879,2010,2,ATL,ARI,41,7
280,54880,2010,2,CAR,TB,7,20
281,54888,2010,2,DEN,SEA,31,14
282,54889,2010,2,OAK,STL,16,14
283,54890,2010,2,NYJ,NE,28,14
284,54881,2010,2,CIN,BAL,15,10
285,54891,2010,2,SD,JAC,38,13
286,54893,2010,2,IND,NYG,38,14
287,54894,2010,2,SF,NO,22,25
288,54902,2010,3,NYG,TEN,10,29
289,54896,2010,3,CAR,CIN,7,20
290,54903,2010,3,TB,PIT,13,38
291,54900,2010,3,NE,BUF,38,30
292,54895,2010,3,BAL,CLE,24,17
293,54899,2010,3,MIN,DET,24,10
294,54901,2010,3,NO,ATL,24,27
295,54905,2010,3,STL,WAS,30,16
296,54897,2010,3,HOU,DAL,13,27
297,54898,2010,3,KC,SF,31,10
298,54904,2010,3,JAC,PHI,3,28
299,54907,2010,3,DEN,IND,13,27
300,54906,2010,3,ARI,OAK,24,23
301,54908,2010,3,SEA,SD,27,20
302,54909,2010,3,MIA,NYJ,23,31
303,54910,2010,3,CHI,GB,20,17
304,54912,2010,4,BUF,NYJ,14,38
305,54913,2010,4,CLE,CIN,23,20
306,54916,2010,4,PIT,BAL,14,17
307,54918,2010,4,TEN,DEN,20,26
308,54914,2010,4,GB,DET,28,26
309,54911,2010,4,ATL,SF,16,14
310,54915,2010,4,NO,CAR,16,14
311,54917,2010,4,STL,SEA,20,3
312,54919,2010,4,JAC,IND,31,28
313,54920,2010,4,OAK,HOU,24,31
314,54921,2010,4,PHI,WAS,12,17
315,54922,2010,4,SD,ARI,41,10
316,54923,2010,4,NYG,CHI,17,3
317,54924,2010,4,MIA,NE,14,41
318,54926,2010,5,BUF,JAC,26,36
319,54925,2010,5,BAL,DEN,31,17
320,54931,2010,5,IND,KC,19,9
321,54933,2010,5,WAS,GB,16,13
322,54930,2010,5,DET,STL,44,6
323,54927,2010,5,CAR,CHI,6,23
324,54928,2010,5,CIN,TB,21,24
325,54929,2010,5,CLE,ATL,10,20
326,54932,2010,5,HOU,NYG,10,34
327,54934,2010,5,ARI,NO,30,20
328,54935,2010,5,DAL,TEN,27,34
329,54936,2010,5,OAK,SD,35,27
330,54937,2010,5,SF,PHI,24,27
331,54938,2010,5,NYJ,MIN,29,20
332,54940,2010,6,GB,MIA,20,23
333,54946,2010,6,STL,SD,20,17
334,54942,2010,6,NE,BAL,23,20
335,54945,2010,6,PIT,CLE,28,10
336,54941,2010,6,HOU,KC,35,31
337,54943,2010,6,NYG,DET,28,20
338,54944,2010,6,PHI,ATL,31,17
339,54939,2010,6,CHI,SEA,20,23
340,54947,2010,6,TB,NO,6,31
341,54948,2010,6,DEN,NYJ,20,24
342,54949,2010,6,SF,OAK,17,9
343,54950,2010,6,MIN,DAL,24,21
344,54951,2010,6,WAS,IND,24,27
345,54952,2010,6,JAC,TEN,3,30
346,54953,2010,7,ATL,CIN,39,32
347,54818,2010,7,MIA,PIT,22,23
348,54954,2010,7,BAL,BUF,37,34
349,54817,2010,7,KC,JAC,42,20
350,54819,2010,7,NO,CLE,17,30
351,54816,2010,7,CHI,WAS,14,17
352,54955,2010,7,CAR,SF,23,20
353,54820,2010,7,TB,STL,18,17
354,54821,2010,7,TEN,PHI,37,19
355,54822,2010,7,SEA,ARI,22,10
356,54823,2010,7,SD,NE,20,23
357,54824,2010,7,DEN,OAK,14,59
358,54825,2010,7,GB,MIN,28,24
359,54826,2010,7,DAL,NYG,35,41
360,54833,2010,8,SF,DEN,24,16
361,54828,2010,8,DAL,JAC,17,35
362,54827,2010,8,CIN,MIA,14,22
363,54830,2010,8,KC,BUF,13,10
364,54829,2010,8,DET,WAS,37,25
365,54832,2010,8,STL,CAR,20,10
366,54831,2010,8,NYJ,GB,0,9
367,54834,2010,8,SD,TEN,33,25
368,54835,2010,8,NE,MIN,28,18
369,54837,2010,8,ARI,TB,35,38
370,54836,2010,8,OAK,SEA,33,3
371,54838,2010,8,NO,PIT,20,10
372,54839,2010,8,IND,HOU,30,17
373,54845,2010,9,DET,NYJ,20,23
374,54841,2010,9,BAL,MIA,26,10
375,54844,2010,9,CLE,NE,34,14
376,54846,2010,9,HOU,SD,23,29
377,54842,2010,9,BUF,CHI,19,22
378,54847,2010,9,MIN,ARI,27,24
379,54840,2010,9,ATL,TB,27,21
380,54843,2010,9,CAR,NO,3,34
381,54848,2010,9,SEA,NYG,7,41
382,54849,2010,9,PHI,IND,26,24
383,54850,2010,9,OAK,KC,23,20
384,54851,2010,9,GB,DAL,45,7
385,54852,2010,9,CIN,PIT,21,27
386,54853,2010,10,ATL,BAL,26,21
387,54859,2010,10,MIA,TEN,29,17
388,54856,2010,10,CLE,NYJ,20,26
389,54857,2010,10,IND,CIN,23,17
390,54858,2010,10,JAC,HOU,31,24
391,54855,2010,10,CHI,MIN,27,13
392,54860,2010,10,TB,CAR,31,16
393,54854,2010,10,BUF,DET,14,12
394,54861,2010,10,DEN,KC,49,29
395,54862,2010,10,NYG,DAL,20,33
396,54956,2010,10,ARI,SEA,18,36
397,54957,2010,10,SF,STL,23,20
398,54958,2010,10,PIT,NE,26,39
399,54959,2010,10,WAS,PHI,28,59
400,54960,2010,11,MIA,CHI,0,16
401,54961,2010,11,CAR,BAL,13,37
402,54967,2010,11,NYJ,HOU,30,27
403,54962,2010,11,CIN,BUF,31,49
404,54968,2010,11,PIT,OAK,35,3
405,54964,2010,11,JAC,CLE,24,20
406,54963,2010,11,DAL,DET,35,19
407,54966,2010,11,MIN,GB,3,31
408,54970,2010,11,NO,SEA,34,19
409,54969,2010,11,TEN,WAS,16,19
410,54965,2010,11,KC,ARI,31,13
411,54971,2010,11,STL,ATL,17,34
412,54972,2010,11,SF,TB,0,21
413,54973,2010,11,NE,IND,31,28
414,54974,2010,11,PHI,NYG,27,17
415,54975,2010,11,SD,DEN,35,14
416,54976,2010,12,DET,NE,24,45
417,54977,2010,12,DAL,NO,27,30
418,54978,2010,12,NYJ,CIN,26,10
419,54985,2010,12,NYG,JAC,24,20
420,54981,2010,12,BUF,PIT,16,19
421,54984,2010,12,HOU,TEN,20,0
422,54986,2010,12,WAS,MIN,13,17
423,54982,2010,12,CHI,PHI,31,26
424,54979,2010,12,ATL,GB,20,17
425,54980,2010,12,BAL,TB,17,10
426,54983,2010,12,CLE,CAR,24,23
427,54987,2010,12,SEA,KC,24,42
428,54988,2010,12,OAK,MIA,17,33
429,54989,2010,12,DEN,STL,33,36
430,54990,2010,12,IND,SD,14,36
431,54991,2010,12,ARI,SF,6,27
432,54992,2010,13,PHI,HOU,34,24
433,54998,2010,13,MIN,BUF,38,14
434,54997,2010,13,MIA,CLE,10,13
435,55001,2010,13,TEN,JAC,6,17
436,54996,2010,13,KC,DEN,10,6
437,54999,2010,13,NYG,WAS,31,7
438,54994,2010,13,DET,CHI,20,24
439,54995,2010,13,GB,SF,34,16
440,55000,2010,13,TB,ATL,24,28
441,54993,2010,13,CIN,NO,30,34
442,55002,2010,13,SD,OAK,13,28
443,55004,2010,13,IND,DAL,35,38
444,55003,2010,13,ARI,STL,6,19
445,55005,2010,13,SEA,CAR,31,14
446,55006,2010,13,BAL,PIT,10,13
447,55007,2010,13,NE,NYJ,45,3
448,55008,2010,14,TEN,IND,28,30
449,55009,2010,14,CHI,NE,7,36
450,55010,2010,14,BUF,CLE,13,6
451,55011,2010,14,PIT,CIN,23,7
452,55012,2010,14,JAC,OAK,38,31
453,55013,2010,14,WAS,TB,16,17
454,55014,2010,14,DET,GB,7,3
455,55016,2010,14,CAR,ATL,10,31
456,55017,2010,14,NO,STL,31,13
457,55018,2010,14,SF,SEA,40,21
458,55020,2010,14,NYJ,MIA,6,10
459,55019,2010,14,ARI,DEN,43,13
460,55021,2010,14,SD,KC,31,0
461,55022,2010,14,DAL,PHI,27,30
462,55023,2010,14,HOU,BAL,28,34
463,55015,2010,14,MIN,NYG,3,21
464,55024,2010,15,SD,SF,34,7
465,55032,2010,15,STL,KC,13,27
466,55030,2010,15,MIA,BUF,14,17
467,55027,2010,15,CIN,CLE,19,17
468,55029,2010,15,IND,JAC,34,24
469,55034,2010,15,TEN,HOU,31,17
470,55028,2010,15,DAL,WAS,33,30
471,55031,2010,15,NYG,PHI,31,38
472,55026,2010,15,CAR,ARI,19,12
473,55033,2010,15,TB,DET,20,23
474,55025,2010,15,BAL,NO,30,24
475,55035,2010,15,SEA,ATL,18,34
476,55037,2010,15,PIT,NYJ,17,22
477,55036,2010,15,OAK,DEN,39,23
478,55038,2010,15,NE,GB,31,27
479,55039,2010,15,MIN,CHI,14,40
480,55040,2010,16,PIT,CAR,27,3
481,55041,2010,16,ARI,DAL,27,26
482,55043,2010,16,CHI,NYJ,38,34
483,55042,2010,16,BUF,NE,3,34
484,55044,2010,16,CLE,BAL,10,20
485,55046,2010,16,KC,TEN,34,14
486,55050,2010,16,TB,SEA,38,15
487,55049,2010,16,STL,SF,25,17
488,55047,2010,16,MIA,DET,27,34
489,55045,2010,16,JAC,WAS,17,20
490,55051,2010,16,DEN,HOU,24,23
491,55052,2010,16,OAK,IND,26,31
492,55053,2010,16,GB,NYG,45,17
493,55054,2010,16,CIN,SD,34,20
494,55055,2010,16,ATL,NO,14,17
495,55048,2010,16,PHI,MIN,14,24
496,55064,2010,17,NE,MIA,38,7
497,55066,2010,17,NYJ,BUF,38,7
498,55057,2010,17,BAL,CIN,13,7
499,55058,2010,17,CLE,PIT,9,41
500,55061,2010,17,HOU,JAC,34,17
501,55062,2010,17,IND,TEN,23,20
502,55063,2010,17,KC,OAK,10,31
503,55067,2010,17,PHI,DAL,13,14
504,55068,2010,17,WAS,NYG,14,17
505,55059,2010,17,DET,MIN,20,13
506,55060,2010,17,GB,CHI,10,3
507,55056,2010,17,ATL,CAR,31,10
508,55065,2010,17,NO,TB,13,23
509,55069,2010,17,DEN,SD,28,33
510,55070,2010,17,SF,ARI,38,7
511,55071,2010,17,SEA,STL,16,6
512,55164,2011,1,GB,NO,42,34
513,55165,2011,1,BAL,PIT,35,7
514,55167,2011,1,CLE,CIN,17,27
515,55168,2011,1,HOU,IND,34,7
516,55169,2011,1,JAC,TEN,16,14
517,55170,2011,1,KC,BUF,7,41
518,55166,2011,1,CHI,ATL,30,12
519,55172,2011,1,TB,DET,20,27
520,55171,2011,1,STL,PHI,13,31
521,55176,2011,1,WAS,NYG,28,14
522,55173,2011,1,ARI,CAR,28,21
523,55175,2011,1,SF,SEA,33,17
524,55174,2011,1,SD,MIN,24,17
525,55177,2011,1,NYJ,DAL,27,24
526,55178,2011,1,MIA,NE,24,38
527,55179,2011,1,DEN,OAK,20,23
528,55182,2011,2,DET,KC,48,3
529,55180,2011,2,BUF,OAK,38,35
530,55188,2011,2,TEN,BAL,26,13
531,55186,2011,2,NYJ,JAC,32,3
532,55183,2011,2,IND,CLE,19,27
533,55189,2011,2,WAS,ARI,22,21
534,55184,2011,2,MIN,TB,20,24
535,55181,2011,2,CAR,GB,23,30
536,55185,2011,2,NO,CHI,30,13
537,55187,2011,2,PIT,SEA,24,0
538,55190,2011,2,SF,DAL,24,27
539,55193,2011,2,NE,SD,35,21
540,55191,2011,2,DEN,CIN,24,22
541,55192,2011,2,MIA,HOU,13,23
542,55194,2011,2,ATL,PHI,35,31
543,55195,2011,2,NYG,STL,28,16
544,55197,2011,3,CAR,JAC,16,10
545,55201,2011,3,NO,HOU,40,33
546,55196,2011,3,BUF,NE,34,31
547,55199,2011,3,CLE,MIA,17,16
548,55203,2011,3,TEN,DEN,17,14
549,55202,2011,3,PHI,NYG,16,29
550,55200,2011,3,MIN,DET,23,26
551,55198,2011,3,CIN,SF,8,13
552,55204,2011,3,OAK,NYJ,34,24
553,55206,2011,3,SD,KC,20,17
554,55205,2011,3,STL,BAL,7,37
555,55207,2011,3,CHI,GB,17,27
556,55208,2011,3,SEA,ARI,13,10
557,55209,2011,3,TB,ATL,16,13
558,55210,2011,3,IND,PIT,20,23
559,55211,2011,3,DAL,WAS,18,16
560,55213,2011,4,CIN,BUF,23,20
561,55214,2011,4,CLE,TEN,13,31
562,55216,2011,4,HOU,PIT,17,10
563,55215,2011,4,DAL,DET,30,34
564,55219,2011,4,PHI,SF,23,24
565,55212,2011,4,CHI,CAR,34,29
566,55220,2011,4,STL,WAS,10,17
567,55217,2011,4,JAC,NO,10,23
568,55218,2011,4,KC,MIN,22,17
569,55221,2011,4,ARI,NYG,27,31
570,55222,2011,4,SEA,ATL,28,30
571,55223,2011,4,GB,DEN,49,23
572,55224,2011,4,OAK,NE,19,31
573,55225,2011,4,SD,MIA,26,16
574,55226,2011,4,BAL,NYJ,34,17
575,55227,2011,4,TB,IND,24,17
576,55235,2011,5,PIT,TEN,38,17
577,55230,2011,5,HOU,OAK,20,25
578,55231,2011,5,IND,KC,24,28
579,55232,2011,5,JAC,CIN,20,30
580,55234,2011,5,NYG,SEA,25,36
581,55233,2011,5,MIN,ARI,34,10
582,55229,2011,5,CAR,NO,27,30
583,55228,2011,5,BUF,PHI,31,24
584,55236,2011,5,SF,TB,48,3
585,55238,2011,5,NE,NYJ,30,21
586,55237,2011,5,DEN,SD,24,29
587,55239,2011,5,ATL,GB,14,25
588,55240,2011,5,DET,CHI,24,13
589,55245,2011,6,NYG,BUF,27,24
590,55242,2011,6,CIN,IND,27,17
591,55246,2011,6,PIT,JAC,17,13
592,55247,2011,6,WAS,PHI,13,20
593,55243,2011,6,DET,SF,19,25
594,55244,2011,6,GB,STL,24,3
595,55241,2011,6,ATL,CAR,31,17
596,55249,2011,6,OAK,CLE,24,17
597,55248,2011,6,BAL,HOU,29,14
598,55251,2011,6,TB,NO,26,20
599,55250,2011,6,NE,DAL,20,16
600,55252,2011,6,CHI,MIN,39,10
601,55253,2011,6,NYJ,MIA,24,6
602,55257,2011,7,MIA,DEN,15,18
603,55258,2011,7,NYJ,SD,27,21
604,55260,2011,7,TEN,HOU,7,41
605,55256,2011,7,DET,ATL,16,23
606,55254,2011,7,CAR,WAS,33,20
607,55259,2011,7,TB,CHI,18,24
608,55255,2011,7,CLE,SEA,6,3
609,55261,2011,7,ARI,PIT,20,32
610,55262,2011,7,OAK,KC,0,28
611,55264,2011,7,MIN,GB,27,33
612,55263,2011,7,DAL,STL,34,7
613,55265,2011,7,NO,IND,62,7
614,55266,2011,7,JAC,BAL,12,7
615,55270,2011,8,NYG,MIA,20,17
616,55269,2011,8,HOU,JAC,24,14
617,55272,2011,8,TEN,IND,27,10
618,55268,2011,8,CAR,MIN,21,24
619,55271,2011,8,STL,NO,31,21
620,55267,2011,8,BAL,ARI,30,27
621,55274,2011,8,DEN,DET,10,45
622,55273,2011,8,BUF,WAS,23,0
623,55275,2011,8,PIT,NE,25,17
624,55276,2011,8,SF,CLE,20,10
625,55277,2011,8,SEA,CIN,12,34
626,55278,2011,8,PHI,DAL,34,7
627,55279,2011,8,KC,SD,23,20
628,55280,2011,9,BUF,NYJ,11,27
629,55282,2011,9,HOU,CLE,30,12
630,55284,2011,9,KC,MIA,3,31
631,55281,2011,9,DAL,SEA,23,13
632,55286,2011,9,WAS,SF,11,19
633,55285,2011,9,NO,TB,27,16
634,55283,2011,9,IND,ATL,7,31
635,55287,2011,9,OAK,DEN,24,38
636,55288,2011,9,TEN,CIN,17,24
637,55290,2011,9,NE,NYG,20,24
638,55291,2011,9,SD,GB,38,45
639,55289,2011,9,ARI,STL,19,13
640,55292,2011,9,PIT,BAL,20,23
641,55293,2011,9,PHI,CHI,24,30
642,55294,2011,10,SD,OAK,17,24
643,55300,2011,10,DAL,BUF,44,7
644,55296,2011,10,CAR,TEN,3,30
645,55305,2011,10,TB,HOU,9,37
646,55298,2011,10,CIN,PIT,17,24
647,55301,2011,10,IND,JAC,3,17
648,55302,2011,10,KC,DEN,10,17
649,55304,2011,10,PHI,ARI,17,21
650,55297,2011,10,CHI,DET,37,13
651,55295,2011,10,ATL,NO,23,26
652,55303,2011,10,MIA,WAS,20,9
653,55299,2011,10,CLE,STL,12,13
654,55306,2011,10,SEA,BAL,22,17
655,55307,2011,10,SF,NYG,27,20
656,55308,2011,10,NYJ,NE,16,37
657,55309,2011,10,GB,MIN,45,7
658,55310,2011,11,DEN,NYJ,17,13
659,55317,2011,11,MIN,OAK,21,27
660,55311,2011,11,ATL,TEN,23,17
661,55316,2011,11,MIA,BUF,35,8
662,55313,2011,11,CLE,JAC,14,10
663,55312,2011,11,BAL,CIN,31,24
664,55318,2011,11,WAS,DAL,24,27
665,55314,2011,11,DET,CAR,49,35
666,55315,2011,11,GB,TB,35,26
667,55320,2011,11,SF,ARI,23,7
668,55319,2011,11,STL,SEA,7,24
669,55321,2011,11,CHI,SD,31,20
670,55322,2011,11,NYG,PHI,10,17
671,55323,2011,11,NE,KC,34,3
672,55324,2011,12,DET,GB,15,27
673,55325,2011,12,DAL,MIA,20,19
674,55326,2011,12,BAL,SF,16,6
675,55331,2011,12,NYJ,BUF,28,24
676,55328,2011,12,CIN,CLE,23,20
677,55330,2011,12,JAC,HOU,13,20
678,55327,2011,12,ATL,MIN,24,14
679,55332,2011,12,STL,ARI,20,23
680,55329,2011,12,IND,CAR,19,27
681,55333,2011,12,TEN,TB,23,17
682,55335,2011,12,SEA,WAS,17,23
683,55334,2011,12,OAK,CHI,25,20
684,55336,2011,12,PHI,NE,20,38
685,55337,2011,12,SD,DEN,13,16
686,55338,2011,12,KC,PIT,9,13
687,55339,2011,12,NO,NYG,49,24
688,55340,2011,13,SEA,PHI,31,14
689,55349,2011,13,WAS,NYJ,19,34
690,55342,2011,13,CHI,KC,3,10
691,55341,2011,13,BUF,TEN,17,23
692,55345,2011,13,MIA,OAK,34,14
693,55343,2011,13,CLE,BAL,10,24
694,55347,2011,13,PIT,CIN,35,7
695,55346,2011,13,NO,DET,31,17
696,55348,2011,13,TB,CAR,19,38
697,55344,2011,13,HOU,ATL,17,10
698,55350,2011,13,MIN,DEN,32,35
699,55352,2011,13,NYG,GB,35,38
700,55351,2011,13,ARI,DAL,19,13
701,55353,2011,13,SF,STL,26,0
702,55354,2011,13,NE,IND,31,24
703,55355,2011,13,JAC,SD,14,38
704,55356,2011,14,PIT,CLE,14,3
705,55366,2011,14,WAS,NE,27,34
706,55361,2011,14,GB,OAK,46,16
707,55364,2011,14,NYJ,KC,37,10
708,55359,2011,14,CIN,HOU,19,20
709,55357,2011,14,BAL,IND,24,10
710,55360,2011,14,DET,MIN,34,28
711,55358,2011,14,CAR,ATL,23,31
712,55363,2011,14,MIA,PHI,10,26
713,55362,2011,14,JAC,TB,41,14
714,55365,2011,14,TEN,NO,17,22
715,55367,2011,14,ARI,SF,21,19
716,55368,2011,14,DEN,CHI,13,10
717,55369,2011,14,SD,BUF,37,10
718,55370,2011,14,DAL,NYG,34,37
719,55371,2011,14,SEA,STL,30,13
720,55372,2011,15,ATL,JAC,41,14
721,55373,2011,15,TB,DAL,15,31
722,55381,2011,15,STL,CIN,13,20
723,55374,2011,15,BUF,MIA,23,30
724,55377,2011,15,IND,TEN,27,13
725,55380,2011,15,NYG,WAS,10,23
726,55375,2011,15,CHI,SEA,14,38
727,55379,2011,15,MIN,NO,20,42
728,55376,2011,15,HOU,CAR,13,28
729,55378,2011,15,KC,GB,19,14
730,55382,2011,15,OAK,DET,27,28
731,55385,2011,15,PHI,NYJ,45,19
732,55383,2011,15,ARI,CLE,20,17
733,55384,2011,15,DEN,NE,23,41
734,55386,2011,15,SD,BAL,34,14
735,55387,2011,15,SF,PIT,20,3
736,55388,2011,16,IND,HOU,19,16
737,55390,2011,16,BUF,DEN,40,14
738,55394,2011,16,NE,MIA,27,24
739,55389,2011,16,BAL,CLE,20,14
740,55397,2011,16,TEN,JAC,23,17
741,55393,2011,16,KC,OAK,13,16
742,55395,2011,16,NYJ,NYG,14,29
743,55398,2011,16,WAS,MIN,26,33
744,55391,2011,16,CAR,TB,48,16
745,55392,2011,16,CIN,ARI,23,16
746,55396,2011,16,PIT,STL,27,0
747,55399,2011,16,DET,SD,38,10
748,55400,2011,16,DAL,PHI,7,20
749,55401,2011,16,SEA,SF,17,19
750,55402,2011,16,GB,CHI,35,21
751,55403,2011,16,NO,ATL,45,16
752,55410,2011,17,MIA,NYJ,19,17
753,55412,2011,17,NE,BUF,49,21
754,55405,2011,17,CIN,BAL,16,24
755,55406,2011,17,CLE,PIT,9,13
756,55408,2011,17,HOU,TEN,22,23
757,55409,2011,17,JAC,IND,19,13
758,55414,2011,17,NYG,DAL,31,14
759,55415,2011,17,PHI,WAS,34,10
760,55407,2011,17,GB,DET,45,41
761,55411,2011,17,MIN,CHI,13,17
762,55404,2011,17,ATL,TB,45,24
763,55413,2011,17,NO,CAR,45,17
764,55416,2011,17,STL,SF,27,34
765,55418,2011,17,DEN,KC,3,7
766,55419,2011,17,OAK,SD,26,38
767,55417,2011,17,ARI,SEA,23,20
768,55504,2012,1,NYG,DAL,17,24
769,55505,2012,1,CHI,IND,41,21
770,55510,2012,1,MIN,JAC,26,23
771,55512,2012,1,NYJ,BUF,48,28
772,55508,2012,1,HOU,MIA,30,10
773,55513,2012,1,TEN,NE,13,34
774,55507,2012,1,DET,STL,27,23
775,55511,2012,1,NO,WAS,32,40
776,55506,2012,1,CLE,PHI,16,17
777,55509,2012,1,KC,ATL,24,40
778,55515,2012,1,GB,SF,22,30
779,55514,2012,1,ARI,SEA,20,16
780,55516,2012,1,TB,CAR,16,10
781,55517,2012,1,DEN,PIT,31,19
782,55518,2012,1,BAL,CIN,44,13
783,55519,2012,1,OAK,SD,14,22
784,55520,2012,2,GB,CHI,23,10
785,55527,2012,2,NYG,TB,41,34
786,55522,2012,2,CAR,NO,35,27
787,55526,2012,2,NE,ARI,18,20
788,55524,2012,2,IND,MIN,23,20
789,55528,2012,2,PHI,BAL,24,23
790,55521,2012,2,BUF,KC,35,17
791,55523,2012,2,CIN,CLE,34,27
792,55525,2012,2,JAC,HOU,7,27
793,55530,2012,2,SEA,DAL,27,7
794,55529,2012,2,STL,WAS,31,28
795,55532,2012,2,PIT,NYJ,27,10
796,55533,2012,2,SD,TEN,38,10
797,55531,2012,2,MIA,OAK,35,13
798,55534,2012,2,SF,DET,27,19
799,55535,2012,2,ATL,DEN,27,21
800,55536,2012,3,CAR,NYG,7,36
801,55539,2012,3,DAL,TB,16,10
802,55537,2012,3,CHI,STL,23,6
803,55542,2012,3,MIN,SF,24,13
804,55544,2012,3,TEN,DET,44,41
805,55545,2012,3,WAS,CIN,31,38
806,55543,2012,3,NO,KC,24,27
807,55541,2012,3,MIA,NYJ,20,23
808,55538,2012,3,CLE,BUF,14,24
809,55540,2012,3,IND,JAC,17,22
810,55546,2012,3,ARI,PHI,27,6
811,55547,2012,3,SD,ATL,3,27
812,55548,2012,3,DEN,HOU,25,31
813,55549,2012,3,OAK,PIT,34,31
814,55550,2012,3,BAL,NE,31,30
815,55551,2012,3,SEA,GB,14,12
816,55552,2012,4,BAL,CLE,23,16
817,55554,2012,4,BUF,NE,28,52
818,55556,2012,4,HOU,TEN,38,14
819,55558,2012,4,KC,SD,20,37
820,55555,2012,4,DET,MIN,13,20
821,55553,2012,4,ATL,CAR,30,28
822,55560,2012,4,STL,SEA,19,13
823,55559,2012,4,NYJ,SF,0,34
824,55562,2012,4,ARI,MIA,24,21
825,55563,2012,4,DEN,OAK,37,6
826,55557,2012,4,JAC,CIN,10,27
827,55564,2012,4,GB,NO,28,27
828,55561,2012,4,TB,WAS,22,24
829,55565,2012,4,PHI,NYG,19,17
830,55566,2012,4,DAL,CHI,18,34
831,55567,2012,5,STL,ARI,17,3
832,55574,2012,5,WAS,ATL,17,24
833,55573,2012,5,PIT,PHI,16,14
834,55569,2012,5,IND,GB,30,27
835,55572,2012,5,NYG,CLE,41,27
836,55571,2012,5,MIN,TEN,30,7
837,55568,2012,5,CIN,MIA,13,17
838,55570,2012,5,KC,BAL,6,9
839,55575,2012,5,CAR,SEA,12,16
840,55576,2012,5,JAC,CHI,3,41
841,55577,2012,5,NE,DEN,31,21
842,55578,2012,5,SF,BUF,45,3
843,55579,2012,5,NO,SD,31,24
844,55580,2012,5,NYJ,HOU,17,23
845,55581,2012,6,TEN,PIT,26,23
846,55582,2012,6,ATL,OAK,23,20
847,55588,2012,6,TB,KC,38,10
848,55586,2012,6,NYJ,IND,35,9
849,55584,2012,6,CLE,CIN,34,24
850,55587,2012,6,PHI,DET,23,26
851,55585,2012,6,MIA,STL,17,14
852,55583,2012,6,BAL,DAL,31,29
853,55589,2012,6,ARI,BUF,16,19
854,55590,2012,6,SEA,NE,24,23
855,55591,2012,6,SF,NYG,3,26
856,55592,2012,6,WAS,MIN,38,26
857,55593,2012,6,HOU,GB,24,42
858,55594,2012,6,SD,DEN,24,35
859,55595,2012,7,SF,SEA,13,6
860,55601,2012,7,NYG,WAS,27,23
861,55600,2012,7,MIN,ARI,21,14
862,55597,2012,7,CAR,DAL,14,19
863,55603,2012,7,TB,NO,28,35
864,55602,2012,7,STL,GB,20,30
865,55598,2012,7,HOU,BAL,43,13
866,55599,2012,7,IND,CLE,17,13
867,55596,2012,7,BUF,TEN,34,35
868,55604,2012,7,NE,NYJ,29,26
869,55605,2012,7,OAK,JAC,26,23
870,55606,2012,7,CIN,PIT,17,24
871,55607,2012,7,CHI,DET,13,7
872,55608,2012,8,MIN,TB,17,36
873,55612,2012,8,GB,JAC,24,15
874,55613,2012,8,NYJ,MIA,9,30
875,55610,2012,8,CLE,SD,7,6
876,55617,2012,8,TEN,IND,13,19
877,55616,2012,8,STL,NE,7,45
878,55614,2012,8,PHI,ATL,17,30
879,55609,2012,8,CHI,CAR,23,22
880,55611,2012,8,DET,SEA,28,24
881,55615,2012,8,PIT,WAS,27,12
882,55618,2012,8,KC,OAK,16,26
883,55619,2012,8,DAL,NYG,24,29
884,55620,2012,8,DEN,NO,34,14
885,55621,2012,8,ARI,SF,3,24
886,55622,2012,9,SD,KC,31,13
887,55630,2012,9,WAS,CAR,13,21
888,55625,2012,9,GB,ARI,31,17
889,55628,2012,9,JAC,DET,14,31
890,55629,2012,9,TEN,CHI,20,51
891,55623,2012,9,CIN,DEN,23,31
892,55624,2012,9,CLE,BAL,15,25
893,55626,2012,9,HOU,BUF,21,9
894,55627,2012,9,IND,MIA,23,20
895,55632,2012,9,SEA,MIN,30,20
896,55631,2012,9,OAK,TB,32,42
897,55633,2012,9,NYG,PIT,20,24
898,55634,2012,9,ATL,DAL,19,13
899,55635,2012,9,NO,PHI,28,13
900,55636,2012,10,JAC,IND,10,27
901,55638,2012,10,CAR,DEN,14,36
902,55644,2012,10,TB,SD,34,24
903,55640,2012,10,MIA,TEN,3,37
904,55642,2012,10,NE,BUF,37,31
905,55637,2012,10,BAL,OAK,55,20
906,55639,2012,10,CIN,NYG,31,13
907,55643,2012,10,NO,ATL,31,27
908,55641,2012,10,MIN,DET,34,24
909,55645,2012,10,SEA,NYJ,28,7
910,55646,2012,10,PHI,DAL,23,38
911,55647,2012,10,SF,STL,24,24
912,55648,2012,10,CHI,HOU,6,13
913,55649,2012,10,PIT,KC,16,13
914,55650,2012,11,BUF,MIA,19,14
915,55659,2012,11,WAS,PHI,31,6
916,55654,2012,11,DET,GB,20,24
917,55651,2012,11,ATL,ARI,23,19
918,55652,2012,11,CAR,TB,21,27
919,55653,2012,11,DAL,CLE,23,20
920,55658,2012,11,STL,NYJ,13,27
921,55657,2012,11,NE,IND,59,24
922,55655,2012,11,HOU,JAC,43,37
923,55656,2012,11,KC,CIN,6,28
924,55660,2012,11,OAK,NO,17,38
925,55661,2012,11,DEN,SD,30,23
926,55662,2012,11,PIT,BAL,10,13
927,55663,2012,11,SF,CHI,32,7
928,55664,2012,12,DET,HOU,31,34
929,55665,2012,12,DAL,WAS,31,38
930,55666,2012,12,NYJ,NE,19,49
931,55668,2012,12,CIN,OAK,34,10
932,55669,2012,12,CLE,PIT,20,14
933,55670,2012,12,IND,BUF,20,13
934,55671,2012,12,JAC,TEN,24,19
935,55672,2012,12,KC,DEN,9,17
936,55667,2012,12,CHI,MIN,28,10
937,55674,2012,12,TB,ATL,23,24
938,55673,2012,12,MIA,SEA,24,21
939,55675,2012,12,SD,BAL,13,16
940,55677,2012,12,NO,SF,21,31
941,55676,2012,12,ARI,STL,17,31
942,55678,2012,12,NYG,GB,38,10
943,55679,2012,12,PHI,CAR,22,30
944,55680,2012,13,ATL,NO,23,13
945,55682,2012,13,CHI,SEA,17,23
946,55684,2012,13,GB,MIN,23,14
947,55688,2012,13,STL,SF,16,13
948,55687,2012,13,NYJ,ARI,7,6
949,55685,2012,13,KC,CAR,27,21
950,55683,2012,13,DET,IND,33,35
951,55681,2012,13,BUF,JAC,34,18
952,55686,2012,13,MIA,NE,16,23
953,55689,2012,13,TEN,HOU,10,24
954,55690,2012,13,DEN,TB,31,23
955,55691,2012,13,BAL,PIT,20,23
956,55692,2012,13,OAK,CLE,17,20
957,55693,2012,13,SD,CIN,13,20
958,55694,2012,13,DAL,PHI,38,33
959,55695,2012,13,WAS,NYG,17,16
960,55696,2012,14,OAK,DEN,13,26
961,55706,2012,14,WAS,BAL,31,28
962,55700,2012,14,CLE,KC,30,7
963,55704,2012,14,PIT,SD,24,34
964,55701,2012,14,IND,TEN,27,23
965,55702,2012,14,JAC,NYJ,10,17
966,55703,2012,14,MIN,CHI,21,14
967,55698,2012,14,CAR,ATL,30,20
968,55705,2012,14,TB,PHI,21,23
969,55697,2012,14,BUF,STL,12,15
970,55699,2012,14,CIN,DAL,19,20
971,55707,2012,14,SF,MIA,27,13
972,55708,2012,14,NYG,NO,52,27
973,55709,2012,14,SEA,ARI,58,0
974,55710,2012,14,GB,DET,27,20
975,55711,2012,14,NE,HOU,42,14
976,55712,2012,15,PHI,CIN,13,34
977,55715,2012,15,CHI,GB,13,21
978,55713,2012,15,ATL,NYG,34,0
979,55719,2012,15,NO,TB,41,0
980,55720,2012,15,STL,MIN,22,36
981,55716,2012,15,CLE,WAS,21,38
982,55718,2012,15,MIA,JAC,24,3
983,55714,2012,15,BAL,DEN,17,34
984,55717,2012,15,HOU,IND,29,17
985,55721,2012,15,ARI,DET,38,10
986,55723,2012,15,SD,CAR,7,31
987,55722,2012,15,BUF,SEA,17,50
988,55724,2012,15,DAL,PIT,27,24
989,55725,2012,15,OAK,KC,15,0
990,55726,2012,15,NE,SF,34,41
991,55727,2012,15,TEN,NYJ,14,10
992,55728,2012,16,DET,ATL,18,31
993,55732,2012,16,GB,TEN,55,7
994,55730,2012,16,CAR,OAK,17,6
995,55736,2012,16,MIA,BUF,24,10
996,55738,2012,16,PIT,CIN,10,13
997,55734,2012,16,JAC,NE,16,23
998,55735,2012,16,KC,IND,13,20
999,55731,2012,16,DAL,NO,31,34
1000,55737,2012,16,PHI,WAS,20,27
1001,55739,2012,16,TB,STL,13,28
1002,55729,2012,16,BAL,NYG,33,14
1003,55733,2012,16,HOU,MIN,6,23
1004,55740,2012,16,DEN,CLE,34,12
1005,55741,2012,16,ARI,CHI,13,28
1006,55742,2012,16,SEA,SF,42,13
1007,55743,2012,16,NYJ,SD,17,27
1008,55745,2012,17,BUF,NYJ,28,9
1009,55750,2012,17,NE,MIA,28,0
1010,55746,2012,17,CIN,BAL,23,17
1011,55753,2012,17,PIT,CLE,24,10
1012,55748,2012,17,IND,HOU,28,16
1013,55754,2012,17,TEN,JAC,38,20
1014,55752,2012,17,NYG,PHI,42,7
1015,55755,2012,17,WAS,DAL,28,18
1016,55747,2012,17,DET,CHI,24,26
1017,55749,2012,17,MIN,GB,37,34
1018,55744,2012,17,ATL,TB,17,22
1019,55751,2012,17,NO,CAR,38,44
1020,55756,2012,17,DEN,KC,38,3
1021,55757,2012,17,SD,OAK,24,21
1022,55758,2012,17,SF,ARI,27,13
1023,55759,2012,17,SEA,STL,20,13
1024,55837,2013,1,DEN,BAL,49,27
1025,55838,2013,1,BUF,NE,21,23
1026,55839,2013,1,CAR,SEA,7,12
1027,55840,2013,1,CHI,CIN,24,21
1028,55841,2013,1,CLE,MIA,10,23
1029,55842,2013,1,DET,MIN,34,24
1030,55843,2013,1,IND,OAK,21,17
1031,55844,2013,1,JAC,KC,2,28
1032,55846,2013,1,NYJ,TB,18,17
1033,55845,2013,1,NO,ATL,23,17
1034,55847,2013,1,PIT,TEN,9,16
1035,55848,2013,1,STL,ARI,27,24
1036,55849,2013,1,SF,GB,34,28
1037,55850,2013,1,DAL,NYG,36,31
1038,55851,2013,1,WAS,PHI,27,33
1039,55852,2013,1,SD,HOU,28,31
1040,55853,2013,2,NE,NYJ,13,10
1041,55854,2013,2,ATL,STL,31,24
1042,55855,2013,2,BAL,CLE,14,6
1043,55856,2013,2,BUF,CAR,24,23
1044,55857,2013,2,CHI,MIN,31,30
1045,55858,2013,2,GB,WAS,38,20
1046,55859,2013,2,HOU,TEN,30,24
1047,55860,2013,2,IND,MIA,20,24
1048,55861,2013,2,KC,DAL,17,16
1049,55862,2013,2,PHI,SD,30,33
1050,55863,2013,2,ARI,DET,25,21
1051,55864,2013,2,TB,NO,14,16
1052,55865,2013,2,NYG,DEN,23,41
1053,55866,2013,2,OAK,JAC,19,9
1054,55867,2013,2,SEA,SF,29,3
1055,55868,2013,2,CIN,PIT,20,10
1056,55869,2013,3,PHI,KC,16,26
1057,55870,2013,3,BAL,HOU,30,9
1058,55871,2013,3,CIN,GB,34,30
1059,55873,2013,3,DAL,STL,31,7
1060,55879,2013,3,MIA,ATL,27,23
1061,55874,2013,3,MIN,CLE,27,31
1062,55880,2013,3,NYJ,BUF,27,20
1063,55875,2013,3,NE,TB,23,3
1064,55876,2013,3,NO,ARI,31,7
1065,55877,2013,3,TEN,SD,20,17
1066,55878,2013,3,WAS,DET,20,27
1067,55872,2013,3,CAR,NYG,38,0
1068,55881,2013,3,SF,IND,7,27
1069,55882,2013,3,SEA,JAC,45,17
1070,55883,2013,3,PIT,CHI,23,40
1071,55884,2013,3,DEN,OAK,37,21
1072,55885,2013,4,STL,SF,11,35
1073,55886,2013,4,BUF,BAL,23,20
1074,55887,2013,4,CLE,CIN,17,6
1075,55888,2013,4,DET,CHI,40,32
1076,55889,2013,4,HOU,SEA,20,23
1077,55890,2013,4,JAC,IND,3,37
1078,55891,2013,4,KC,NYG,31,7
1079,55892,2013,4,MIN,PIT,34,27
1080,55893,2013,4,TB,ARI,10,13
1081,55894,2013,4,TEN,NYJ,38,13
1082,55895,2013,4,DEN,PHI,52,20
1083,55896,2013,4,OAK,WAS,14,24
1084,55897,2013,4,SD,DAL,30,21
1085,55898,2013,4,ATL,NE,23,30
1086,55899,2013,4,NO,MIA,38,17
1087,55900,2013,5,CLE,BUF,37,24
1088,55901,2013,5,CHI,NO,18,26
1089,55902,2013,5,CIN,NE,13,6
1090,55903,2013,5,GB,DET,22,9
1091,55904,2013,5,IND,SEA,34,28
1092,55905,2013,5,MIA,BAL,23,26
1093,55906,2013,5,NYG,PHI,21,36
1094,55907,2013,5,STL,JAC,34,20
1095,55908,2013,5,TEN,KC,17,26
1096,55909,2013,5,ARI,CAR,22,6
1097,55910,2013,5,DAL,DEN,48,51
1098,55911,2013,5,OAK,SD,27,17
1099,55912,2013,5,SF,HOU,34,3
1100,55913,2013,5,ATL,NYJ,28,30
1101,55914,2013,6,CHI,NYG,27,21
1102,55915,2013,6,BAL,GB,17,19
1103,55916,2013,6,BUF,CIN,24,27
1104,55917,2013,6,CLE,DET,17,31
1105,55918,2013,6,HOU,STL,13,38
1106,55919,2013,6,KC,OAK,24,7
1107,55920,2013,6,MIN,CAR,10,35
1108,55921,2013,6,NYJ,PIT,6,19
1109,55922,2013,6,TB,PHI,20,31
1110,55923,2013,6,DEN,JAC,35,19
1111,55924,2013,6,SEA,TEN,20,13
1112,55925,2013,6,NE,NO,30,27
1113,55926,2013,6,SF,ARI,32,20
1114,55927,2013,6,DAL,WAS,31,16
1115,55928,2013,6,SD,IND,19,9
1116,55929,2013,7,ARI,SEA,22,34
1117,55930,2013,7,ATL,TB,31,23
1118,55931,2013,7,CAR,STL,30,15
1119,55932,2013,7,DET,CIN,24,27
1120,55940,2013,7,GB,CLE,31,13
1121,55933,2013,7,JAC,SD,6,24
1122,55934,2013,7,KC,HOU,17,16
1123,55935,2013,7,MIA,BUF,21,23
1124,55936,2013,7,NYJ,NE,30,27
1125,55937,2013,7,PHI,DAL,3,17
1126,55938,2013,7,WAS,CHI,45,41
1127,55939,2013,7,TEN,SF,17,31
1128,55941,2013,7,PIT,BAL,19,16
1129,55942,2013,7,IND,DEN,39,33
1130,55943,2013,7,NYG,MIN,23,7
1131,55944,2013,8,TB,CAR,13,31
1132,55945,2013,8,DET,DAL,31,30
1133,55946,2013,8,JAC,SF,10,42
1134,55947,2013,8,KC,CLE,23,17
1135,55948,2013,8,NE,MIA,27,17
1136,55949,2013,8,NO,BUF,35,17
1137,55950,2013,8,PHI,NYG,7,15
1138,55951,2013,8,OAK,PIT,21,18
1139,55952,2013,8,CIN,NYJ,49,9
1140,55953,2013,8,ARI,ATL,27,13
1141,55954,2013,8,DEN,WAS,45,21
1142,55955,2013,8,MIN,GB,31,44
1143,55956,2013,8,STL,SEA,9,14
1144,55957,2013,9,MIA,CIN,22,20
1145,55958,2013,9,BUF,KC,13,23
1146,55959,2013,9,CAR,ATL,34,10
1147,55960,2013,9,DAL,MIN,27,23
1148,55961,2013,9,NYJ,NO,26,20
1149,55962,2013,9,STL,TEN,21,28
1150,55963,2013,9,WAS,SD,30,24
1151,55964,2013,9,OAK,PHI,20,49
1152,55965,2013,9,SEA,TB,27,24
1153,55966,2013,9,CLE,BAL,24,18
1154,55967,2013,9,NE,PIT,55,31
1155,55968,2013,9,HOU,IND,24,27
1156,55969,2013,9,GB,CHI,20,27
1157,55970,2013,10,MIN,WAS,34,27
1158,55971,2013,10,ATL,SEA,10,33
1159,55972,2013,10,BAL,CIN,20,17
1160,55973,2013,10,CHI,DET,19,21
1161,55974,2013,10,GB,PHI,13,27
1162,55975,2013,10,IND,STL,8,38
1163,55976,2013,10,NYG,OAK,24,20
1164,55977,2013,10,PIT,BUF,23,10
1165,55978,2013,10,TEN,JAC,27,29
1166,55979,2013,10,SF,CAR,9,10
1167,55980,2013,10,ARI,HOU,27,24
1168,55981,2013,10,SD,DEN,20,28
1169,55982,2013,10,NO,DAL,49,17
1170,55983,2013,10,TB,MIA,22,19
1171,55984,2013,11,TEN,IND,27,30
1172,55985,2013,11,BUF,NYJ,37,14
1173,55986,2013,11,CHI,BAL,23,20
1174,55987,2013,11,CIN,CLE,41,20
1175,55988,2013,11,HOU,OAK,23,28
1176,55989,2013,11,JAC,ARI,14,27
1177,55990,2013,11,MIA,SD,20,16
1178,55991,2013,11,PHI,WAS,24,16
1179,55992,2013,11,PIT,DET,37,27
1180,55993,2013,11,TB,ATL,41,28
1181,55994,2013,11,DEN,KC,27,17
1182,55995,2013,11,NO,SF,23,20
1183,55996,2013,11,SEA,MIN,41,20
1184,55997,2013,11,NYG,GB,27,13
1185,55998,2013,11,CAR,NE,24,20
1186,55999,2013,12,ATL,NO,13,17
1187,56000,2013,12,BAL,NYJ,19,3
1188,56001,2013,12,CLE,PIT,11,27
1189,56002,2013,12,DET,TB,21,24
1190,56003,2013,12,GB,MIN,26,26
1191,56004,2013,12,HOU,JAC,6,13
1192,56005,2013,12,KC,SD,38,41
1193,56006,2013,12,MIA,CAR,16,20
1194,56007,2013,12,STL,CHI,42,21
1195,56008,2013,12,ARI,IND,40,11
1196,56009,2013,12,OAK,TEN,19,23
1197,56010,2013,12,NYG,DAL,21,24
1198,56011,2013,12,NE,DEN,34,31
1199,56012,2013,12,WAS,SF,6,27
1200,56013,2013,13,DET,GB,40,10
1201,56014,2013,13,DAL,OAK,31,24
1202,56015,2013,13,BAL,PIT,22,20
1203,56016,2013,13,CAR,TB,27,6
1204,56017,2013,13,CLE,JAC,28,32
1205,56018,2013,13,IND,TEN,22,14
1206,56019,2013,13,KC,DEN,28,35
1207,56020,2013,13,MIN,CHI,23,20
1208,56021,2013,13,NYJ,MIA,3,23
1209,56022,2013,13,PHI,ARI,24,21
1210,56023,2013,13,BUF,ATL,31,34
1211,56024,2013,13,SF,STL,23,13
1212,56025,2013,13,HOU,NE,31,34
1213,56026,2013,13,SD,CIN,10,17
1214,56027,2013,13,WAS,NYG,17,24
1215,56028,2013,13,SEA,NO,34,7
1216,56029,2013,14,JAC,HOU,27,20
1217,56030,2013,14,BAL,MIN,29,26
1218,56031,2013,14,CIN,IND,42,28
1219,56032,2013,14,NE,CLE,27,26
1220,56033,2013,14,NYJ,OAK,37,27
1221,56034,2013,14,NO,CAR,31,13
1222,56035,2013,14,PHI,DET,34,20
1223,56036,2013,14,PIT,MIA,28,34
1224,56037,2013,14,TB,BUF,27,6
1225,56038,2013,14,WAS,KC,10,45
1226,56039,2013,14,DEN,TEN,51,28
1227,56040,2013,14,ARI,STL,30,10
1228,56041,2013,14,SD,NYG,37,14
1229,56042,2013,14,SF,SEA,19,17
1230,56043,2013,14,GB,ATL,22,21
1231,56044,2013,14,CHI,DAL,45,28
1232,56045,2013,15,DEN,SD,20,27
1233,56046,2013,15,ATL,WAS,27,26
1234,56047,2013,15,CLE,CHI,31,38
1235,56048,2013,15,IND,HOU,25,3
1236,56049,2013,15,JAC,BUF,20,27
1237,56050,2013,15,MIA,NE,24,20
1238,56051,2013,15,MIN,PHI,48,30
1239,56052,2013,15,NYG,SEA,0,23
1240,56053,2013,15,STL,NO,27,16
1241,56054,2013,15,TB,SF,14,33
1242,56055,2013,15,TEN,ARI,34,37
1243,56056,2013,15,CAR,NYJ,30,20
1244,56057,2013,15,OAK,KC,31,56
1245,56058,2013,15,DAL,GB,36,37
1246,56059,2013,15,PIT,CIN,30,20
1247,56060,2013,15,DET,BAL,16,18
1248,56061,2013,16,BUF,MIA,19,0
1249,56062,2013,16,CAR,NO,17,13
1250,56063,2013,16,CIN,MIN,42,14
1251,56064,2013,16,HOU,DEN,13,37
1252,56065,2013,16,JAC,TEN,16,20
1253,56066,2013,16,KC,IND,7,23
1254,56067,2013,16,NYJ,CLE,24,13
1255,56068,2013,16,PHI,CHI,54,11
1256,56069,2013,16,STL,TB,23,13
1257,56070,2013,16,WAS,DAL,23,24
1258,56071,2013,16,DET,NYG,20,23
1259,56072,2013,16,SEA,ARI,10,17
1260,56073,2013,16,GB,PIT,31,38
1261,56074,2013,16,SD,OAK,26,13
1262,56075,2013,16,BAL,NE,7,41
1263,56076,2013,16,SF,ATL,34,24
1264,56077,2013,17,ATL,CAR,20,21
1265,56078,2013,17,CHI,GB,28,33
1266,56079,2013,17,CIN,BAL,34,17
1267,56080,2013,17,DAL,PHI,22,24
1268,56081,2013,17,IND,JAC,30,10
1269,56082,2013,17,MIA,NYJ,7,20
1270,56083,2013,17,MIN,DET,14,13
1271,56084,2013,17,NE,BUF,34,20
1272,56085,2013,17,NO,TB,42,17
1273,56086,2013,17,NYG,WAS,20,6
1274,56087,2013,17,PIT,CLE,20,7
1275,56088,2013,17,TEN,HOU,16,10
1276,56089,2013,17,ARI,SF,20,23
1277,56090,2013,17,OAK,DEN,14,34
1278,56091,2013,17,SD,KC,27,24
1279,56092,2013,17,SEA,STL,27,9
1280,56170,2014,1,SEA,GB,36,16
1281,56171,2014,1,ATL,NO,37,34
1282,56172,2014,1,BAL,CIN,16,23
1283,56173,2014,1,CHI,BUF,20,23
1284,56174,2014,1,HOU,WAS,17,6
1285,56175,2014,1,KC,TEN,10,26
1286,56176,2014,1,MIA,NE,33,20
1287,56177,2014,1,NYJ,OAK,19,14
1288,56178,2014,1,PHI,JAC,34,17
1289,56179,2014,1,PIT,CLE,30,27
1290,56180,2014,1,STL,MIN,6,34
1291,56181,2014,1,DAL,SF,17,28
1292,56182,2014,1,TB,CAR,14,20
1293,56183,2014,1,DEN,IND,31,24
1294,56184,2014,1,DET,NYG,35,14
1295,56185,2014,1,ARI,SD,18,17
1296,56186,2014,2,BAL,PIT,26,6
1297,56187,2014,2,BUF,MIA,29,10
1298,56188,2014,2,CAR,DET,24,7
1299,56189,2014,2,CIN,ATL,24,10
1300,56190,2014,2,CLE,NO,26,24
1301,56191,2014,2,MIN,NE,7,30
1302,56192,2014,2,NYG,ARI,14,25
1303,56193,2014,2,TEN,DAL,10,26
1304,56194,2014,2,WAS,JAC,41,10
1305,56195,2014,2,SD,SEA,30,21
1306,56196,2014,2,TB,STL,17,19
1307,56197,2014,2,DEN,KC,24,17
1308,56198,2014,2,GB,NYJ,31,24
1309,56199,2014,2,OAK,HOU,14,30
1310,56200,2014,2,SF,CHI,20,28
1311,56201,2014,2,IND,PHI,27,30
1312,56202,2014,3,ATL,TB,56,14
1313,56203,2014,3,BUF,SD,10,22
1314,56204,2014,3,CIN,TEN,33,7
1315,56205,2014,3,CLE,BAL,21,23
1316,56206,2014,3,DET,GB,19,7
1317,56207,2014,3,JAC,IND,17,44
1318,56208,2014,3,NE,OAK,16,9
1319,56209,2014,3,NO,MIN,20,9
1320,56210,2014,3,NYG,HOU,30,17
1321,56211,2014,3,PHI,WAS,37,34
1322,56212,2014,3,STL,DAL,31,34
1323,56213,2014,3,ARI,SF,23,14
1324,56214,2014,3,MIA,KC,15,34
1325,56215,2014,3,SEA,DEN,26,20
1326,56216,2014,3,CAR,PIT,19,37
1327,56217,2014,3,NYJ,CHI,19,27
1328,56218,2014,4,WAS,NYG,14,45
1329,56219,2014,4,BAL,CAR,38,10
1330,56220,2014,4,CHI,GB,17,38
1331,56221,2014,4,HOU,BUF,23,17
1332,56222,2014,4,IND,TEN,41,17
1333,56227,2014,4,MIN,ATL,41,28
1334,56223,2014,4,NYJ,DET,17,24
1335,56224,2014,4,OAK,MIA,14,38
1336,56225,2014,4,PIT,TB,24,27
1337,56226,2014,4,SD,JAC,33,14
1338,56228,2014,4,SF,PHI,26,21
1339,56229,2014,4,DAL,NO,38,17
1340,56230,2014,4,KC,NE,41,14
1341,56231,2014,5,GB,MIN,42,10
1342,56232,2014,5,CAR,CHI,31,24
1343,56233,2014,5,DAL,HOU,20,17
1344,56234,2014,5,DET,BUF,14,17
1345,56235,2014,5,IND,BAL,20,13
1346,56236,2014,5,JAC,PIT,9,17
1347,56237,2014,5,NO,TB,37,31
1348,56238,2014,5,NYG,ATL,30,20
1349,56239,2014,5,PHI,STL,34,28
1350,56240,2014,5,TEN,CLE,28,29
1351,56241,2014,5,DEN,ARI,41,20
1352,56242,2014,5,SD,NYJ,31,0
1353,56243,2014,5,SF,KC,22,17
1354,56244,2014,5,NE,CIN,43,17
1355,56245,2014,5,WAS,SEA,17,27
1356,56246,2014,6,HOU,IND,28,33
1357,56247,2014,6,ATL,CHI,13,27
1358,56248,2014,6,BUF,NE,22,37
1359,56249,2014,6,CIN,CAR,37,37
1360,56250,2014,6,CLE,PIT,31,10
1361,56251,2014,6,MIA,GB,24,27
1362,56252,2014,6,MIN,DET,3,17
1363,56253,2014,6,NYJ,DEN,17,31
1364,56254,2014,6,TB,BAL,17,48
1365,56255,2014,6,TEN,JAC,16,14
1366,56256,2014,6,OAK,SD,28,31
1367,56257,2014,6,ARI,WAS,30,20
1368,56258,2014,6,SEA,DAL,23,30
1369,56259,2014,6,PHI,NYG,27,0
1370,56260,2014,6,STL,SF,17,31
1371,56261,2014,7,NE,NYJ,27,25
1372,56262,2014,7,BAL,ATL,29,7
1373,56263,2014,7,BUF,MIN,17,16
1374,56264,2014,7,CHI,MIA,14,27
1375,56265,2014,7,DET,NO,24,23
1376,56266,2014,7,GB,CAR,38,17
1377,56267,2014,7,IND,CIN,27,0
1378,56268,2014,7,JAC,CLE,24,6
1379,56269,2014,7,STL,SEA,28,26
1380,56270,2014,7,WAS,TEN,19,17
1381,56271,2014,7,SD,KC,20,23
1382,56272,2014,7,DAL,NYG,31,21
1383,56273,2014,7,OAK,ARI,13,24
1384,56274,2014,7,DEN,SF,42,17
1385,56275,2014,7,PIT,HOU,30,23
1386,56276,2014,8,DEN,SD,35,21
1387,56277,2014,8,ATL,DET,21,22
1388,56278,2014,8,CAR,SEA,9,13
1389,56279,2014,8,CIN,BAL,27,24
1390,56280,2014,8,JAC,MIA,13,27
1391,56281,2014,8,KC,STL,34,7
1392,56282,2014,8,NE,CHI,51,23
1393,56283,2014,8,NYJ,BUF,23,43
1394,56284,2014,8,TB,MIN,13,19
1395,56285,2014,8,TEN,HOU,16,30
1396,56286,2014,8,ARI,PHI,24,20
1397,56287,2014,8,CLE,OAK,23,13
1398,56288,2014,8,PIT,IND,51,34
1399,56289,2014,8,NO,GB,44,23
1400,56290,2014,8,DAL,WAS,17,20
1401,56291,2014,9,CAR,NO,10,28
1402,56292,2014,9,CIN,JAC,33,23
1403,56293,2014,9,CLE,TB,22,17
1404,56294,2014,9,DAL,ARI,17,28
1405,56295,2014,9,HOU,PHI,21,31
1406,56296,2014,9,KC,NYJ,24,10
1407,56297,2014,9,MIA,SD,37,0
1408,56298,2014,9,MIN,WAS,29,26
1409,56299,2014,9,SF,STL,10,13
1410,56300,2014,9,NE,DEN,43,21
1411,56301,2014,9,SEA,OAK,30,24
1412,56302,2014,9,PIT,BAL,43,23
1413,56303,2014,9,NYG,IND,24,40
1414,56304,2014,10,CIN,CLE,3,24
1415,56305,2014,10,BAL,TEN,21,7
1416,56306,2014,10,BUF,KC,13,17
1417,56307,2014,10,DET,MIA,20,16
1418,56308,2014,10,JAC,DAL,17,31
1419,56309,2014,10,NO,SF,24,27
1420,56310,2014,10,NYJ,PIT,20,13
1421,56311,2014,10,TB,ATL,17,27
1422,56312,2014,10,OAK,DEN,17,41
1423,56313,2014,10,ARI,STL,31,14
1424,56314,2014,10,SEA,NYG,38,17
1425,56315,2014,10,GB,CHI,55,14
1426,56316,2014,10,PHI,CAR,45,21
1427,56317,2014,11,MIA,BUF,22,9
1428,56318,2014,11,CAR,ATL,17,19
1429,56319,2014,11,CHI,MIN,21,13
1430,56320,2014,11,CLE,HOU,7,23
1431,56321,2014,11,GB,PHI,53,20
1432,56322,2014,11,KC,SEA,24,20
1433,56323,2014,11,NO,CIN,10,27
1434,56324,2014,11,NYG,SF,10,16
1435,56325,2014,11,STL,DEN,22,7
1436,56326,2014,11,WAS,TB,7,27
1437,56327,2014,11,SD,OAK,13,6
1438,56328,2014,11,ARI,DET,14,6
1439,56329,2014,11,IND,NE,20,42
1440,56330,2014,11,TEN,PIT,24,27
1441,56331,2014,12,OAK,KC,24,20
1442,56332,2014,12,ATL,CLE,24,26
1443,56333,2014,12,BUF,NYJ,38,3
1444,56334,2014,12,CHI,TB,21,13
1445,56335,2014,12,HOU,CIN,13,22
1446,56336,2014,12,IND,JAC,23,3
1447,56337,2014,12,MIN,GB,21,24
1448,56338,2014,12,NE,DET,34,9
1449,56339,2014,12,PHI,TEN,43,24
1450,56340,2014,12,SD,STL,27,24
1451,56341,2014,12,SEA,ARI,19,3
1452,56342,2014,12,DEN,MIA,39,36
1453,56343,2014,12,SF,WAS,17,13
1454,56344,2014,12,NYG,DAL,28,31
1455,56345,2014,12,NO,BAL,27,34
1456,56346,2014,13,DET,CHI,34,17
1457,56347,2014,13,DAL,PHI,10,33
1458,56348,2014,13,SF,SEA,3,19
1459,56349,2014,13,BAL,SD,33,34
1460,56350,2014,13,BUF,CLE,26,10
1461,56351,2014,13,HOU,TEN,45,21
1462,56352,2014,13,IND,WAS,49,27
1463,56353,2014,13,JAC,NYG,25,24
1464,56354,2014,13,MIN,CAR,31,13
1465,56355,2014,13,PIT,NO,32,35
1466,56356,2014,13,STL,OAK,52,0
1467,56357,2014,13,TB,CIN,13,14
1468,56358,2014,13,ATL,ARI,29,18
1469,56359,2014,13,GB,NE,26,21
1470,56360,2014,13,KC,DEN,16,29
1471,56361,2014,13,NYJ,MIA,13,16
1472,56362,2014,14,CHI,DAL,28,41
1473,56363,2014,14,CIN,PIT,21,42
1474,56364,2014,14,CLE,IND,24,25
1475,56365,2014,14,DET,TB,34,17
1476,56366,2014,14,JAC,HOU,13,27
1477,56367,2014,14,MIA,BAL,13,28
1478,56368,2014,14,MIN,NYJ,30,24
1479,56369,2014,14,NO,CAR,10,41
1480,56370,2014,14,TEN,NYG,7,36
1481,56371,2014,14,WAS,STL,0,24
1482,56372,2014,14,ARI,KC,17,14
1483,56373,2014,14,DEN,BUF,24,17
1484,56374,2014,14,OAK,SF,24,13
1485,56375,2014,14,PHI,SEA,14,24
1486,56376,2014,14,SD,NE,14,23
1487,56377,2014,14,GB,ATL,43,37
1488,56378,2014,15,STL,ARI,6,12
1489,56379,2014,15,ATL,PIT,20,27
1490,56380,2014,15,BAL,JAC,20,12
1491,56381,2014,15,BUF,GB,21,13
1492,56382,2014,15,CAR,TB,19,17
1493,56383,2014,15,CLE,CIN,0,30
1494,56384,2014,15,DET,MIN,16,14
1495,56385,2014,15,IND,HOU,17,10
1496,56386,2014,15,KC,OAK,31,13
1497,56387,2014,15,NE,MIA,41,13
1498,56388,2014,15,NYG,WAS,24,13
1499,56389,2014,15,SD,DEN,10,22
1500,56390,2014,15,TEN,NYJ,11,16
1501,56391,2014,15,SEA,SF,17,7
1502,56392,2014,15,PHI,DAL,27,38
1503,56393,2014,15,CHI,NO,15,31
1504,56394,2014,16,JAC,TEN,21,13
1505,56396,2014,16,WAS,PHI,27,24
1506,56395,2014,16,SF,SD,35,38
1507,56397,2014,16,CAR,CLE,17,13
1508,56398,2014,16,CHI,DET,14,20
1509,56399,2014,16,HOU,BAL,25,13
1510,56400,2014,16,MIA,MIN,37,35
1511,56401,2014,16,NO,ATL,14,30
1512,56402,2014,16,NYJ,NE,16,17
1513,56403,2014,16,PIT,KC,20,12
1514,56404,2014,16,TB,GB,3,20
1515,56405,2014,16,STL,NYG,27,37
1516,56406,2014,16,DAL,IND,42,7
1517,56407,2014,16,OAK,BUF,26,24
1518,56408,2014,16,ARI,SEA,6,35
1519,56409,2014,16,CIN,DEN,37,28
1520,56410,2014,17,ATL,CAR,3,34
1521,56411,2014,17,BAL,CLE,20,10
1522,56412,2014,17,GB,DET,30,20
1523,56413,2014,17,HOU,JAC,23,17
1524,56414,2014,17,KC,SD,19,7
1525,56415,2014,17,MIA,NYJ,24,37
1526,56416,2014,17,MIN,CHI,13,9
1527,56417,2014,17,NE,BUF,9,17
1528,56418,2014,17,NYG,PHI,26,34
1529,56419,2014,17,PIT,CIN,27,17
1530,56420,2014,17,TB,NO,20,23
1531,56421,2014,17,TEN,IND,10,27
1532,56422,2014,17,WAS,DAL,17,44
1533,56423,2014,17,DEN,OAK,47,14
1534,56424,2014,17,SF,ARI,20,17
1535,56425,2014,17,SEA,STL,20,6
1536,56503,2015,1,NE,PIT,28,21
1537,56505,2015,1,CHI,GB,23,31
1538,56509,2015,1,STL,SEA,34,31
1539,56507,2015,1,JAC,CAR,9,20
1540,56510,2015,1,WAS,MIA,10,17
1541,56504,2015,1,BUF,IND,27,14
1542,56508,2015,1,NYJ,CLE,31,10
1543,56506,2015,1,HOU,KC,20,27
1544,56511,2015,1,ARI,NO,31,19
1545,56512,2015,1,SD,DET,33,28
1546,56513,2015,1,DEN,BAL,19,13
1547,56514,2015,1,OAK,CIN,13,33
1548,56515,2015,1,TB,TEN,14,42
1549,56516,2015,1,DAL,NYG,27,26
1550,56517,2015,1,ATL,PHI,26,24
1551,56518,2015,1,SF,MIN,20,3
1552,56519,2015,2,KC,DEN,24,31
1553,56521,2015,2,CAR,HOU,24,17
1554,56520,2015,2,BUF,NE,32,40
1555,56523,2015,2,CIN,SD,24,19
1556,56524,2015,2,CLE,TEN,28,14
1557,56527,2015,2,NYG,ATL,20,24
1558,56529,2015,2,WAS,STL,24,10
1559,56522,2015,2,CHI,ARI,23,48
1560,56525,2015,2,MIN,DET,26,16
1561,56526,2015,2,NO,TB,19,26
1562,56528,2015,2,PIT,SF,43,18
1563,56531,2015,2,OAK,BAL,37,33
1564,56530,2015,2,JAC,MIA,23,20
1565,56532,2015,2,PHI,DAL,10,20
1566,56533,2015,2,GB,SEA,27,17
1567,56534,2015,2,IND,NYJ,7,20
1568,56535,2015,3,NYG,WAS,32,21
1569,56539,2015,3,DAL,ATL,28,39
1570,56537,2015,3,CAR,NO,27,22
1571,56543,2015,3,NYJ,PHI,17,24
1572,56540,2015,3,HOU,TB,19,9
1573,56541,2015,3,MIN,SD,31,14
1574,56544,2015,3,STL,PIT,6,12
1575,56542,2015,3,NE,JAC,51,17
1576,56536,2015,3,BAL,CIN,24,28
1577,56538,2015,3,CLE,OAK,20,27
1578,56545,2015,3,TEN,IND,33,35
1579,56546,2015,3,ARI,SF,47,7
1580,56548,2015,3,SEA,CHI,26,0
1581,56547,2015,3,MIA,BUF,14,41
1582,56549,2015,3,DET,DEN,12,24
1583,56550,2015,3,GB,KC,38,28
1584,56551,2015,4,PIT,BAL,20,23
1585,56552,2015,4,MIA,NYJ,14,27
1586,56555,2015,4,CHI,OAK,22,20
1587,56553,2015,4,ATL,HOU,48,21
1588,56556,2015,4,CIN,KC,36,21
1589,56557,2015,4,IND,JAC,16,13
1590,56559,2015,4,WAS,PHI,23,20
1591,56558,2015,4,TB,CAR,23,37
1592,56554,2015,4,BUF,NYG,10,24
1593,56560,2015,4,SD,CLE,30,27
1594,56563,2015,4,SF,GB,3,17
1595,56561,2015,4,ARI,STL,22,24
1596,56562,2015,4,DEN,MIN,23,20
1597,56564,2015,4,NO,DAL,26,20
1598,56565,2015,4,SEA,DET,13,10
1599,56566,2015,5,HOU,IND,20,27
1600,56572,2015,5,PHI,NO,39,17
1601,56571,2015,5,KC,CHI,17,18
1602,56569,2015,5,CIN,SEA,27,24
1603,56567,2015,5,ATL,WAS,25,19
1604,56573,2015,5,TB,JAC,38,31
1605,56568,2015,5,BAL,CLE,30,33
1606,56574,2015,5,TEN,BUF,13,14
1607,56570,2015,5,GB,STL,24,10
1608,56575,2015,5,DET,ARI,17,42
1609,56576,2015,5,DAL,NE,6,30
1610,56577,2015,5,OAK,DEN,10,16
1611,56578,2015,5,NYG,SF,30,27
1612,56579,2015,5,SD,PIT,20,24
1613,56580,2015,6,NO,ATL,31,21
1614,56583,2015,6,DET,CHI,37,34
1615,56586,2015,6,NYJ,WAS,34,20
1616,56587,2015,6,PIT,ARI,25,13
1617,56585,2015,6,MIN,KC,16,10
1618,56581,2015,6,BUF,CIN,21,34
1619,56582,2015,6,CLE,DEN,23,26
1620,56588,2015,6,TEN,MIA,10,38
1621,56584,2015,6,JAC,HOU,20,31
1622,56589,2015,6,SEA,CAR,23,27
1623,56590,2015,6,GB,SD,27,20
1624,56591,2015,6,SF,BAL,25,20
1625,56592,2015,6,IND,NE,27,34
1626,56593,2015,6,PHI,NYG,27,7
1627,56594,2015,7,SF,SEA,3,20
1628,56595,2015,7,JAC,BUF,34,31
1629,56601,2015,7,STL,CLE,24,6
1630,56599,2015,7,MIA,HOU,44,26
1631,56600,2015,7,NE,NYJ,30,23
1632,56598,2015,7,KC,PIT,23,13
1633,56603,2015,7,WAS,TB,31,30
1634,56596,2015,7,DET,MIN,19,28
1635,56597,2015,7,IND,NO,21,27
1636,56602,2015,7,TEN,ATL,7,10
1637,56604,2015,7,SD,OAK,29,37
1638,56605,2015,7,NYG,DAL,27,20
1639,56606,2015,7,CAR,PHI,27,16
1640,56607,2015,7,ARI,BAL,26,18
1641,56608,2015,8,NE,MIA,36,7
1642,56609,2015,8,KC,DET,45,10
1643,56611,2015,8,BAL,SD,29,26
1644,56616,2015,8,PIT,CIN,10,16
1645,56614,2015,8,HOU,TEN,20,6
1646,56612,2015,8,CHI,MIN,20,23
1647,56610,2015,8,ATL,TB,20,23
1648,56615,2015,8,NO,NYG,52,49
1649,56617,2015,8,STL,SF,27,6
1650,56613,2015,8,CLE,ARI,20,34
1651,56618,2015,8,OAK,NYJ,34,20
1652,56619,2015,8,DAL,SEA,12,13
1653,56620,2015,8,DEN,GB,29,10
1654,56621,2015,8,CAR,IND,29,26
1655,56622,2015,9,CIN,CLE,31,10
1656,56625,2015,9,MIN,STL,21,18
1657,56624,2015,9,CAR,GB,37,29
1658,56626,2015,9,NE,WAS,27,10
1659,56627,2015,9,NO,TEN,28,34
1660,56623,2015,9,BUF,MIA,33,17
1661,56628,2015,9,NYJ,JAC,28,23
1662,56629,2015,9,PIT,OAK,38,35
1663,56631,2015,9,TB,NYG,18,32
1664,56630,2015,9,SF,ATL,17,16
1665,56632,2015,9,IND,DEN,27,24
1666,56633,2015,9,DAL,PHI,27,33
1667,56634,2015,9,SD,CHI,19,22
1668,56635,2015,10,NYJ,BUF,17,22
1669,56643,2015,10,WAS,NO,47,14
1670,56637,2015,10,GB,DET,16,18
1671,56641,2015,10,TB,DAL,10,6
1672,56642,2015,10,TEN,CAR,10,27
1673,56640,2015,10,STL,CHI,13,37
1674,56638,2015,10,PHI,MIA,19,20
1675,56636,2015,10,BAL,JAC,20,22
1676,56639,2015,10,PIT,CLE,30,9
1677,56644,2015,10,OAK,MIN,14,30
1678,56646,2015,10,NYG,NE,26,27
1679,56645,2015,10,DEN,KC,13,29
1680,56647,2015,10,SEA,ARI,32,39
1681,56648,2015,10,CIN,HOU,6,10
1682,56649,2015,11,JAC,TEN,19,13
1683,56653,2015,11,CHI,DEN,15,17
1684,56654,2015,11,DET,OAK,18,13
1685,56650,2015,11,ATL,IND,21,24
1686,56655,2015,11,HOU,NYJ,24,17
1687,56658,2015,11,PHI,TB,17,45
1688,56657,2015,11,MIN,GB,13,30
1689,56652,2015,11,CAR,WAS,44,16
1690,56656,2015,11,MIA,DAL,14,24
1691,56651,2015,11,BAL,STL,16,13
1692,56659,2015,11,ARI,CIN,34,31
1693,56660,2015,11,SEA,SF,29,13
1694,56661,2015,11,SD,KC,3,33
1695,56662,2015,11,NE,BUF,20,13
1696,56663,2015,12,DET,PHI,45,14
1697,56664,2015,12,DAL,CAR,14,33
1698,56665,2015,12,GB,CHI,13,17
1699,56674,2015,12,WAS,NYG,20,14
1700,56666,2015,12,ATL,MIN,10,20
1701,56667,2015,12,CIN,STL,31,7
1702,56668,2015,12,HOU,NO,24,6
1703,56669,2015,12,IND,TB,25,12
1704,56672,2015,12,NYJ,MIA,38,20
1705,56670,2015,12,JAC,SD,25,31
1706,56673,2015,12,TEN,OAK,21,24
1707,56671,2015,12,KC,BUF,30,22
1708,56675,2015,12,SF,ARI,13,19
1709,56676,2015,12,SEA,PIT,39,30
1710,56677,2015,12,DEN,NE,30,24
1711,56678,2015,12,CLE,BAL,27,33
1712,56679,2015,13,DET,GB,23,27
1713,56686,2015,13,NYG,NYJ,20,23
1714,56680,2015,13,BUF,HOU,30,21
1715,56683,2015,13,MIA,BAL,15,13
1716,56682,2015,13,CLE,CIN,3,37
1717,56689,2015,13,TEN,JAC,42,39
1718,56681,2015,13,CHI,SF,20,26
1719,56684,2015,13,MIN,SEA,7,38
1720,56685,2015,13,NO,CAR,38,41
1721,56688,2015,13,TB,ATL,23,19
1722,56687,2015,13,STL,ARI,3,27
1723,56690,2015,13,OAK,KC,20,34
1724,56691,2015,13,SD,DEN,3,17
1725,56692,2015,13,NE,PHI,28,35
1726,56693,2015,13,PIT,IND,45,10
1727,56694,2015,13,WAS,DAL,16,19
1728,56695,2015,14,ARI,MIN,23,20
1729,56704,2015,14,PHI,BUF,23,20
1730,56703,2015,14,NYJ,TEN,30,8
1731,56698,2015,14,CIN,PIT,20,33
1732,56700,2015,14,HOU,NE,6,27
1733,56701,2015,14,JAC,IND,51,16
1734,56702,2015,14,KC,SD,10,3
1735,56697,2015,14,CHI,WAS,21,24
1736,56696,2015,14,CAR,ATL,38,0
1737,56706,2015,14,TB,NO,17,24
1738,56705,2015,14,STL,DET,21,14
1739,56699,2015,14,CLE,SF,24,10
1740,56707,2015,14,DEN,OAK,12,15
1741,56708,2015,14,GB,DAL,28,7
1742,56709,2015,14,BAL,SEA,6,35
1743,56710,2015,14,MIA,NYG,24,31
1744,56711,2015,15,STL,TB,31,23
1745,56712,2015,15,DAL,NYJ,16,19
1746,56718,2015,15,NYG,CAR,35,38
1747,56719,2015,15,PHI,ARI,17,40
1748,56716,2015,15,MIN,CHI,38,17
1749,56715,2015,15,JAC,ATL,17,23
1750,56714,2015,15,IND,HOU,10,16
1751,56717,2015,15,NE,TEN,33,16
1752,56713,2015,15,BAL,KC,14,34
1753,56720,2015,15,WAS,BUF,35,25
1754,56722,2015,15,SEA,CLE,30,13
1755,56721,2015,15,OAK,GB,20,30
1756,56723,2015,15,PIT,DEN,34,27
1757,56724,2015,15,SD,MIA,30,14
1758,56725,2015,15,SF,CIN,14,24
1759,56726,2015,15,NO,DET,27,35
1760,56727,2015,16,OAK,SD,23,20
1761,56728,2015,16,PHI,WAS,24,38
1762,56735,2015,16,NO,JAC,38,27
1763,56733,2015,16,MIA,IND,12,18
1764,56736,2015,16,NYJ,NE,26,20
1765,56738,2015,16,TEN,HOU,6,34
1766,56732,2015,16,KC,CLE,17,13
1767,56731,2015,16,DET,SF,32,17
1768,56734,2015,16,MIN,NYG,49,17
1769,56729,2015,16,ATL,CAR,20,13
1770,56737,2015,16,TB,CHI,21,26
1771,56730,2015,16,BUF,DAL,16,6
1772,56739,2015,16,ARI,GB,38,8
1773,56740,2015,16,SEA,STL,17,23
1774,56741,2015,16,BAL,PIT,20,17
1775,56742,2015,16,DEN,CIN,20,17
